<?xml version="1.0" encoding="UTF-8"?>
<project-private xmlns="http://www.netbeans.org/ns/project-private/1">
    <editor-bookmarks xmlns="http://www.netbeans.org/ns/editor-bookmarks/2" lastBookmarkId="0"/>
    <open-files xmlns="http://www.netbeans.org/ns/projectui-open-files/2">
        <group>
            <file>file:/C:/xampp/htdocs/binetlove/css/perso.css</file>
            <file>file:/C:/xampp/htdocs/binetlove/css/bootstrap.css</file>
            <file>file:/C:/xampp/htdocs/binetlove/index.php</file>
            <file>file:/C:/xampp/htdocs/binetlove/contact.php</file>
            <file>file:/C:/xampp/htdocs/binetlove/submit_design.php</file>
            <file>file:/C:/xampp/htdocs/binetlove/submit_letter.php</file>
        </group>
    </open-files>
</project-private>
